<?xml version="1.0" encoding="UTF-8" standalone="no"?>
<!--
 Licensed to the Apache Software Foundation (ASF) under one
 or more contributor license agreements.  See the NOTICE file
 distributed with this work for additional information
 regarding copyright ownership.  The ASF licenses this file
 to you under the Apache License, Version 2.0 (the
 "License"); you may not use this file except in compliance
 with the License.  You may obtain a copy of the License at

 http://www.apache.org/licenses/LICENSE-2.0

 Unless required by applicable law or agreed to in writing,
 software distributed under the License is distributed on an
 "AS IS" BASIS, WITHOUT WARRANTIES OR CONDITIONS OF ANY
 KIND, either express or implied.  See the License for the
 specific language governing permissions and limitations
 under the License.
-->
<document type="com.apple.InterfaceBuilder3.CocoaTouch.Storyboard.XIB" version="3.0" toolsVersion="10117" systemVersion="15G1004" targetRuntime="iOS.CocoaTouch" propertyAccessControl="none" useAutolayout="YES" launchScreen="YES" useTraitCollections="YES" initialViewController="01J-lp-oVM">
    <dependencies>
        <deployment identifier="iOS"/>
        <development version="6100" identifier="xcode"/>
        <plugIn identifier="com.apple.InterfaceBuilder.IBCocoaTouchPlugin" version="10085"/>
    </dependencies>
    <scenes>
        <!--View Controller-->
        <scene sceneID="EHf-IW-A2E">
            <objects>
                <viewController id="01J-lp-oVM" sceneMemberID="viewController">
                    <layoutGuides>
                        <viewControllerLayoutGuide type="top" id="Llm-lL-Icb"/>
                        <viewControllerLayoutGuide type="bottom" id="xb3-aO-Qok"/>
                    </layoutGuides>
                    <view key="view" contentMode="scaleToFill" id="Ze5-6b-2t3">
                        <rect key="frame" x="0.0" y="0.0" width="600" height="600"/>
                        <autoresizingMask key="autoresizingMask" widthSizable="YES" heightSizable="YES"/>
                        <subviews>
                            <imageView userInteractionEnabled="NO" contentMode="scaleAspectFill" horizontalHuggingPriority="251" verticalHuggingPriority="251" image="LaunchStoryboard" translatesAutoresizingMaskIntoConstraints="NO" id="2ns-9I-Qjs">
                                <rect key="frame" x="0.0" y="0.0" width="600" height="600"/>
                            </imageView>
                        </subviews>
                        <color key="backgroundColor" white="1" alpha="1" colorSpace="custom" customColorSpace="calibratedWhite"/>
                        <constraints>
                            <constraint firstAttribute="trailing" secondItem="2ns-9I-Qjs" secondAttribute="trailing" id="FZL-3Z-NFz"/>
                            <constraint firstItem="2ns-9I-Qjs" firstAttribute="bottom" secondItem="xb3-aO-Qok" secondAttribute="top" id="L9l-pw-wXj"/>
                            <constraint firstItem="2ns-9I-Qjs" firstAttribute="top" secondItem="Ze5-6b-2t3" secondAttribute="top" id="oGN-hc-Uzj"/>
                            <constraint firstItem="2ns-9I-Qjs" firstAttribute="leading" secondItem="Ze5-6b-2t3" secondAttribute="leading" id="rS9-Wd-zY4"/>
                        </constraints>
                    </view>
                </viewController>
                <placeholder placeholderIdentifier="IBFirstResponder" id="iYj-Kq-Ea1" userLabel="First Responder" sceneMemberID="firstResponder"/>
            </objects>
            <point key="canvasLocation" x="53" y="375"/>
        </scene>
    </scenes>
    <resources>
        <image name="LaunchStoryboard" width="1366" height="1366"/>
    </resources>
</document>
